Date,TSLA
2/1/2014,10.00666714
3/1/2014,9.970666885
6/1/2014,9.800000191
7/1/2014,9.957332611
8/1/2014,10.08533287
9/1/2014,9.83533287
10/1/2014,9.71466732
13/1/2014,9.289333344
14/1/2014,10.75133324
15/1/2014,10.94200039
16/1/2014,11.39799976
17/1/2014,11.33399963
21/1/2014,11.77866745
22/1/2014,11.90400028
23/1/2014,12.10000038
24/1/2014,11.64000034
27/1/2014,11.30799961
28/1/2014,11.8920002
29/1/2014,11.68200016
30/1/2014,12.18933296
31/1/2014,12.09399986
3/2/2014,11.80733299
4/2/2014,11.91533279
5/2/2014,11.62800026
6/2/2014,11.8920002
7/2/2014,12.43533325
10/2/2014,13.10400009
11/2/2014,13.1079998
12/2/2014,13.02133274
13/2/2014,13.30866718
14/2/2014,13.21533298
18/2/2014,13.57999992
19/2/2014,12.90933323
20/2/2014,13.99800014
21/2/2014,13.97333336
24/2/2014,14.51000023
25/2/2014,16.53333282
26/2/2014,16.86666679
27/2/2014,16.83600044
28/2/2014,16.32066727
3/3/2014,16.70400047
4/3/2014,16.9893322
5/3/2014,16.84399986
6/3/2014,16.86266708
7/3/2014,16.41399956
10/3/2014,15.92266655
11/3/2014,15.62733269
12/3/2014,16.09933281
13/3/2014,15.85266685
14/3/2014,15.39799976
17/3/2014,15.59866714
18/3/2014,16.00266647
19/3/2014,15.72266674
20/3/2014,15.66066742
21/3/2014,15.25933266
24/3/2014,14.67800045
25/3/2014,14.6960001
26/3/2014,14.19733334
27/3/2014,13.82133293
28/3/2014,14.15799999
31/3/2014,13.89666653
1/4/2014,14.46466732
2/4/2014,15.35266685
3/4/2014,15.02666664
4/4/2014,14.14866734
7/4/2014,13.83466721
8/4/2014,14.36400032
9/4/2014,14.46199989
10/4/2014,13.61266708
11/4/2014,13.58533287
14/4/2014,13.20600033
15/4/2014,12.92733288
16/4/2014,13.27400017
17/4/2014,13.20800018
21/4/2014,13.62533283
22/4/2014,14.57600021
23/4/2014,13.86600018
24/4/2014,13.85733318
25/4/2014,13.32333279
28/4/2014,13.23400021
29/4/2014,13.79466724
30/4/2014,13.85933304
1/5/2014,13.84866714
2/5/2014,14.06066704
5/5/2014,14.44066715
6/5/2014,13.81866741
7/5/2014,13.42333317
8/5/2014,11.90600014
9/5/2014,12.15066719
12/5/2014,12.3113327
13/5/2014,12.67733288
14/5/2014,12.70800018
15/5/2014,12.57266712
16/5/2014,12.77066708
19/5/2014,13.07266712
20/5/2014,13.02000046
21/5/2014,13.2966671
22/5/2014,13.65866661
23/5/2014,13.81999969
27/5/2014,14.10400009
28/5/2014,14.01599979
29/5/2014,14.01599979
30/5/2014,13.85133266
2/6/2014,13.64666653
3/6/2014,13.66266727
4/6/2014,13.59933281
5/6/2014,13.79333305
6/6/2014,13.87800026
9/6/2014,13.68733311
10/6/2014,13.48666668
11/6/2014,13.63133335
12/6/2014,13.56799984
13/6/2014,13.76133347
16/6/2014,14.97399998
17/6/2014,15.44466686
18/6/2014,15.14133263
19/6/2014,15.18599987
20/6/2014,15.30599976
23/6/2014,15.81466675
24/6/2014,15.5
25/6/2014,15.79266739
26/6/2014,15.70666695
27/6/2014,15.93733311
30/6/2014,16.00399971
1/7/2014,15.98133278
2/7/2014,15.29533291
3/7/2014,15.28333282
7/7/2014,14.84399986
8/7/2014,14.60466671
9/7/2014,14.87066746
10/7/2014,14.63066673
11/7/2014,14.54199982
14/7/2014,15.11333275
15/7/2014,14.63866711
16/7/2014,14.47733307
17/7/2014,14.35999966
18/7/2014,14.66800022
21/7/2014,14.70266724
22/7/2014,14.63866711
23/7/2014,14.83266735
24/7/2014,14.90266705
25/7/2014,14.9046669
28/7/2014,14.98799992
29/7/2014,15.00066662
30/7/2014,15.26133347
31/7/2014,14.88666725
1/8/2014,15.55133343
4/8/2014,15.90133286
5/8/2014,15.899333
6/8/2014,16.5953331
7/8/2014,16.82600021
8/8/2014,16.54199982
11/8/2014,17.28800011
12/8/2014,17.3306675
13/8/2014,17.35400009
14/8/2014,17.42533302
15/8/2014,17.46733284
18/8/2014,17.32933235
19/8/2014,17.11733246
20/8/2014,17.04733276
21/8/2014,16.95599937
22/8/2014,17.1186676
25/8/2014,17.50333214
26/8/2014,17.44933319
27/8/2014,17.54999924
28/8/2014,17.59066772
29/8/2014,17.97999954
2/9/2014,18.94133377
3/9/2014,18.74600029
4/9/2014,19.06933212
5/9/2014,18.49266624
8/9/2014,18.80733299
9/9/2014,18.56533241
10/9/2014,18.73999977
11/9/2014,18.68733215
12/9/2014,18.61333275
15/9/2014,16.92399979
16/9/2014,17.38266754
17/9/2014,17.42533302
18/9/2014,17.58799934
19/9/2014,17.28800011
22/9/2014,16.66866684
23/9/2014,16.69400024
24/9/2014,16.8093338
25/9/2014,16.46333313
26/9/2014,16.44000053
29/9/2014,16.35066795
30/9/2014,16.17866707
1/10/2014,16.01600075
2/10/2014,16.76133347
3/10/2014,17.01399994
6/10/2014,17.37466621
7/10/2014,17.30466652
8/10/2014,17.28533363
9/10/2014,17.13400078
10/10/2014,15.79399967
13/10/2014,14.97266674
14/10/2014,15.13733292
15/10/2014,15.31333256
16/10/2014,15.09000015
17/10/2014,15.16533279
20/10/2014,15.36466694
21/10/2014,15.68933296
22/10/2014,15.40666676
23/10/2014,15.68599987
24/10/2014,15.68266678
27/10/2014,14.77799988
28/10/2014,16.18466759
29/10/2014,15.87333298
30/10/2014,15.91066742
31/10/2014,16.11333275
3/11/2014,16.17266655
4/11/2014,15.92866707
5/11/2014,15.39799976
6/11/2014,16.08133316
7/11/2014,16.01333237
10/11/2014,16.12866783
11/11/2014,16.73866653
12/11/2014,16.60666656
13/11/2014,16.78000069
14/11/2014,17.24533272
17/11/2014,16.93199921
18/11/2014,17.18000031
19/11/2014,16.51600075
20/11/2014,16.5806675
21/11/2014,16.18533325
24/11/2014,16.44799995
25/11/2014,16.53933334
26/11/2014,16.56266785
28/11/2014,16.30133247
1/12/2014,15.44266701
2/12/2014,15.42866707
3/12/2014,15.28666687
4/12/2014,15.21866703
5/12/2014,14.91399956
8/12/2014,14.29066658
9/12/2014,14.45933342
10/12/2014,13.98933315
11/12/2014,13.92533302
12/12/2014,13.80000019
15/12/2014,13.60266685
16/12/2014,13.18733311
17/12/2014,13.72133255
18/12/2014,14.55066681
19/12/2014,14.61933327
22/12/2014,14.84000015
23/12/2014,14.73133278
24/12/2014,14.81733322
26/12/2014,15.18799973
29/12/2014,15.04733276
30/12/2014,14.81533337
31/12/2014,14.82733345
2/1/2015,14.62066746
5/1/2015,14.00599957
6/1/2015,14.08533287
7/1/2015,14.06333256
8/1/2015,14.0413332
9/1/2015,13.77733326
12/1/2015,13.48066711
13/1/2015,13.61666679
14/1/2015,12.84599972
15/1/2015,12.7913332
16/1/2015,12.87133312
20/1/2015,12.79533291
21/1/2015,13.10466671
22/1/2015,13.44133282
23/1/2015,13.41933346
26/1/2015,13.77000046
27/1/2015,13.73200035
28/1/2015,13.2913332
29/1/2015,13.68000031
30/1/2015,13.57333279
2/2/2015,14.06266689
3/2/2015,14.55733299
4/2/2015,14.56999969
5/2/2015,14.73266697
6/2/2015,14.49066734
9/2/2015,14.49866676
10/2/2015,14.41933346
11/2/2015,14.18666744
12/2/2015,13.5253334
13/2/2015,13.58466721
17/2/2015,13.62333298
18/2/2015,13.63066673
19/2/2015,14.11400032
20/2/2015,14.47399998
23/2/2015,13.82266712
24/2/2015,13.60733318
25/2/2015,13.58399963
26/2/2015,13.81266689
27/2/2015,13.55599976
2/3/2015,13.15533257
3/3/2015,13.3039999
4/3/2015,13.49600029
5/3/2015,13.37533283
6/3/2015,12.92533302
9/3/2015,12.72533321
10/3/2015,12.68799973
11/3/2015,12.91600037
12/3/2015,12.73799992
13/3/2015,12.57866669
16/3/2015,13.0466671
17/3/2015,12.98200035
18/3/2015,13.38066673
19/3/2015,13.04333305
20/3/2015,13.20533276
23/3/2015,13.30866718
24/3/2015,13.44799995
25/3/2015,12.9533329
26/3/2015,12.69400024
27/3/2015,12.33333302
30/3/2015,12.70466709
31/3/2015,12.58466721
1/4/2015,12.50599957
2/4/2015,12.73333263
6/4/2015,13.53999996
7/4/2015,13.55000019
8/4/2015,13.84466743
9/4/2015,14.00599957
10/4/2015,14.06000042
13/4/2015,13.98533344
14/4/2015,13.83066654
15/4/2015,13.85533333
16/4/2015,13.77999973
17/4/2015,13.78600025
20/4/2015,13.68466663
21/4/2015,13.96066666
22/4/2015,14.62933254
23/4/2015,14.57333279
24/4/2015,14.56200027
27/4/2015,15.43666744
28/4/2015,15.3653326
29/4/2015,15.49666691
30/4/2015,15.06999969
1/5/2015,15.06866741
4/5/2015,15.36733341
5/5/2015,15.52999973
6/5/2015,15.36200047
7/5/2015,15.78666687
8/5/2015,15.77400017
11/5/2015,15.9659996
12/5/2015,16.31599998
13/5/2015,16.21199989
14/5/2015,16.2733326
15/5/2015,16.58933258
18/5/2015,16.58333206
19/5/2015,16.47599983
20/5/2015,16.29000092
21/5/2015,16.37466621
22/5/2015,16.51533318
26/5/2015,16.49733353
27/5/2015,16.49533272
28/5/2015,16.76333237
29/5/2015,16.71999931
1/6/2015,16.62999916
2/6/2015,16.55666733
3/6/2015,16.59933281
4/6/2015,16.39466667
5/6/2015,16.60933304
8/6/2015,17.08600044
9/6/2015,17.06666756
10/6/2015,16.71333313
11/6/2015,16.7606678
12/6/2015,16.71266747
15/6/2015,16.69199944
16/6/2015,16.87466621
17/6/2015,17.36066628
18/6/2015,17.45933342
19/6/2015,17.50066757
22/6/2015,17.31933212
23/6/2015,17.84466743
24/6/2015,17.6779995
25/6/2015,17.9193325
26/6/2015,17.80599976
29/6/2015,17.46800041
30/6/2015,17.88400078
1/7/2015,17.94333267
2/7/2015,18.66799927
6/7/2015,18.64800072
7/7/2015,17.85866737
8/7/2015,16.99733353
9/7/2015,17.19466782
10/7/2015,17.27666664
13/7/2015,17.47733307
14/7/2015,17.70999908
15/7/2015,17.54266739
16/7/2015,17.77866745
17/7/2015,18.31066704
20/7/2015,18.81733322
21/7/2015,17.78466606
22/7/2015,17.8579998
23/7/2015,17.81333351
24/7/2015,17.69400024
27/7/2015,16.86733246
28/7/2015,17.6546669
29/7/2015,17.58799934
30/7/2015,17.7859993
31/7/2015,17.74333382
3/8/2015,17.3326664
4/8/2015,17.75200081
5/8/2015,18.00866699
6/8/2015,16.40866661
7/8/2015,16.1673336
10/8/2015,16.07600021
11/8/2015,15.82466698
12/8/2015,15.87800026
13/8/2015,16.1673336
14/8/2015,16.20999908
17/8/2015,16.99933243
18/8/2015,17.3813324
19/8/2015,17.01666641
20/8/2015,16.14533234
21/8/2015,15.3846674
24/8/2015,14.59133339
25/8/2015,14.66866684
26/8/2015,14.98933315
27/8/2015,16.19933319
28/8/2015,16.56533241
31/8/2015,16.60400009
1/9/2015,15.90866661
2/9/2015,16.5126667
3/9/2015,16.37133217
4/9/2015,16.12866783
8/9/2015,16.54466629
9/9/2015,16.59399986
10/9/2015,16.56533241
11/9/2015,16.68266678
14/9/2015,16.8793335
15/9/2015,16.9046669
16/9/2015,17.48333359
17/9/2015,17.47133255
18/9/2015,17.37466621
21/9/2015,17.61333275
22/9/2015,17.39599991
23/9/2015,17.40399933
24/9/2015,17.54133224
25/9/2015,17.12733269
28/9/2015,16.56200027
29/9/2015,16.44333267
30/9/2015,16.55999947
1/10/2015,15.99199963
2/10/2015,16.50466728
5/10/2015,16.40999985
6/10/2015,16.09733391
7/10/2015,15.46399975
8/10/2015,15.11466694
9/10/2015,14.71266747
12/10/2015,14.37199974
13/10/2015,14.61666679
14/10/2015,14.4586668
15/10/2015,14.75399971
16/10/2015,15.13399982
19/10/2015,15.20666695
20/10/2015,14.20199966
21/10/2015,14.00599957
22/10/2015,14.11466694
23/10/2015,13.93933296
26/10/2015,14.350667
27/10/2015,14.0233326
28/10/2015,14.19733334
29/10/2015,14.10866737
30/10/2015,13.79533291
2/11/2015,14.25266743
3/11/2015,13.89000034
4/11/2015,15.44200039
5/11/2015,15.45133305
6/11/2015,15.49066734
9/11/2015,15.02200031
10/11/2015,14.4333334
11/11/2015,14.60533333
12/11/2015,14.1960001
13/11/2015,13.81266689
16/11/2015,14.28733253
17/11/2015,14.26666737
18/11/2015,14.73799992
19/11/2015,14.78666687
20/11/2015,14.66733265
23/11/2015,14.51666737
24/11/2015,14.55000019
25/11/2015,15.30933285
27/11/2015,15.44066715
30/11/2015,15.350667
1/12/2015,15.81266689
2/12/2015,15.4659996
3/12/2015,15.51399994
4/12/2015,15.35866737
7/12/2015,15.40866661
8/12/2015,15.11466694
9/12/2015,14.96800041
10/12/2015,15.13799953
11/12/2015,14.46800041
14/12/2015,14.57199955
15/12/2015,14.73933315
16/12/2015,15.63399982
17/12/2015,15.55933285
18/12/2015,15.36400032
21/12/2015,15.50399971
22/12/2015,15.32999992
23/12/2015,15.31333256
24/12/2015,15.37133312
28/12/2015,15.26333332
29/12/2015,15.81266689
30/12/2015,15.87266731
31/12/2015,16.00066757
4/1/2016,14.89400005
5/1/2016,14.89533329
6/1/2016,14.60266685
7/1/2016,14.37666702
8/1/2016,14.0666666
11/1/2016,13.85666656
12/1/2016,13.99800014
13/1/2016,13.35400009
14/1/2016,13.74533272
15/1/2016,13.66600037
19/1/2016,13.64799976
20/1/2016,13.24666691
21/1/2016,13.33133316
22/1/2016,13.50333309
25/1/2016,13.09200001
26/1/2016,12.90400028
27/1/2016,12.53800011
28/1/2016,12.64666653
29/1/2016,12.74666691
1/2/2016,13.12933254
2/2/2016,12.18533325
3/2/2016,11.56533337
4/2/2016,11.6886673
5/2/2016,10.84000015
8/2/2016,9.866000175
9/2/2016,9.883333206
10/2/2016,9.578000069
11/2/2016,10.03133297
12/2/2016,10.06933308
16/2/2016,10.34466743
17/2/2016,11.24533272
18/2/2016,11.11800003
19/2/2016,11.10533333
22/2/2016,11.84933281
23/2/2016,11.81400013
24/2/2016,11.9333334
25/2/2016,12.49533272
26/2/2016,12.68933296
29/2/2016,12.79533291
1/3/2016,12.42333317
2/3/2016,12.55599976
3/3/2016,13.04933262
4/3/2016,13.40266705
7/3/2016,13.68599987
8/3/2016,13.50666714
9/3/2016,13.91466713
10/3/2016,13.67866707
11/3/2016,13.83333302
14/3/2016,14.34333324
15/3/2016,14.55599976
16/3/2016,14.79533291
17/3/2016,15.09200001
18/3/2016,15.51599979
21/3/2016,15.88799953
22/3/2016,15.61600018
23/3/2016,14.83866692
24/3/2016,15.1833334
28/3/2016,15.350667
29/3/2016,15.34200001
30/3/2016,15.1260004
31/3/2016,15.31799984
1/4/2016,15.83933258
4/4/2016,16.4659996
5/4/2016,17.03133392
6/4/2016,17.69466782
7/4/2016,17.14666748
8/4/2016,16.67133331
11/4/2016,16.66133308
12/4/2016,16.52133369
13/4/2016,16.96866608
14/4/2016,16.79066658
15/4/2016,16.96733284
18/4/2016,16.92533302
19/4/2016,16.49133301
20/4/2016,16.66466713
21/4/2016,16.55266762
22/4/2016,16.91666794
25/4/2016,16.78800011
26/4/2016,16.91600037
27/4/2016,16.76466751
28/4/2016,16.51399994
29/4/2016,16.05066681
2/5/2016,16.12000084
3/5/2016,15.48799992
4/5/2016,14.83733273
5/5/2016,14.10200024
6/5/2016,14.32866669
9/5/2016,13.92800045
10/5/2016,13.91266727
11/5/2016,13.93066692
12/5/2016,13.81866741
13/5/2016,13.84066677
16/5/2016,13.88599968
17/5/2016,13.64400005
18/5/2016,14.07800007
19/5/2016,14.34733295
20/5/2016,14.68533325
23/5/2016,14.41466713
24/5/2016,14.52733326
25/5/2016,14.63866711
26/5/2016,15.00800037
27/5/2016,14.86933327
31/5/2016,14.88199997
1/6/2016,14.63733292
2/6/2016,14.59733295
3/6/2016,14.59933281
6/6/2016,14.71199989
7/6/2016,15.48933315
8/6/2016,15.70133305
9/6/2016,15.29066658
10/6/2016,14.58600044
13/6/2016,14.52466679
14/6/2016,14.33066654
15/6/2016,14.51333332
16/6/2016,14.52866745
17/6/2016,14.36466694
20/6/2016,14.64666653
21/6/2016,14.64066696
22/6/2016,13.11066723
23/6/2016,13.09333324
24/6/2016,12.87666702
27/6/2016,13.23666668
28/6/2016,13.45266724
29/6/2016,14.0126667
30/6/2016,14.15200043
1/7/2016,14.4333334
5/7/2016,14.26533318
6/7/2016,14.29599953
7/7/2016,14.39599991
8/7/2016,14.45199966
11/7/2016,14.98533344
12/7/2016,14.9766674
13/7/2016,14.83533287
14/7/2016,14.76866722
15/7/2016,14.69333267
18/7/2016,15.08333302
19/7/2016,15.01733303
20/7/2016,15.22399998
21/7/2016,14.69999981
22/7/2016,14.81799984
25/7/2016,15.33399963
26/7/2016,15.30066681
27/7/2016,15.23266697
28/7/2016,15.3739996
29/7/2016,15.65266705
1/8/2016,15.33399963
2/8/2016,15.14666653
3/8/2016,15.05266666
4/8/2016,15.3739996
5/8/2016,15.33533287
8/8/2016,15.07733345
9/8/2016,15.27200031
10/8/2016,15.04333305
11/8/2016,14.99400043
12/8/2016,15.04066658
15/8/2016,15.03933334
16/8/2016,14.90733337
17/8/2016,14.88266659
18/8/2016,14.90066719
19/8/2016,15
22/8/2016,14.86200047
23/8/2016,14.98933315
24/8/2016,14.84133339
25/8/2016,14.73066711
26/8/2016,14.66600037
29/8/2016,14.34666729
30/8/2016,14.08933258
31/8/2016,14.13399982
1/9/2016,13.3846674
2/9/2016,13.18533325
6/9/2016,13.52200031
7/9/2016,13.44733334
8/9/2016,13.15733337
9/9/2016,12.96466732
12/9/2016,13.22000027
13/9/2016,13.06999969
14/9/2016,13.09399986
15/9/2016,13.36133289
16/9/2016,13.69333267
19/9/2016,13.75599957
20/9/2016,13.64266682
21/9/2016,13.68133259
22/9/2016,13.76200008
23/9/2016,13.82999992
26/9/2016,13.93266678
27/9/2016,13.72066689
28/9/2016,13.75133324
29/9/2016,13.38000011
30/9/2016,13.60200024
3/10/2016,14.24666691
4/10/2016,14.09399986
5/10/2016,13.89733315
6/10/2016,13.39999962
7/10/2016,13.10733318
10/10/2016,13.39666653
11/10/2016,13.34000015
12/10/2016,13.43400002
13/10/2016,13.34933281
14/10/2016,13.100667
17/10/2016,12.93066692
18/10/2016,13.2733326
19/10/2016,13.57066727
20/10/2016,13.2733326
21/10/2016,13.33933258
24/10/2016,13.51733303
25/10/2016,13.48933315
26/10/2016,13.48266697
27/10/2016,13.600667
28/10/2016,13.33133316
31/10/2016,13.18200016
1/11/2016,12.7193327
2/11/2016,12.53466702
3/11/2016,12.49466705
4/11/2016,12.70400047
7/11/2016,12.88066673
8/11/2016,12.99600029
9/11/2016,12.67066669
10/11/2016,12.35666656
11/11/2016,12.57066727
14/11/2016,12.09666729
15/11/2016,12.25133324
16/11/2016,12.26200008
17/11/2016,12.57733345
18/11/2016,12.33466721
21/11/2016,12.30133343
22/11/2016,12.74466705
23/11/2016,12.8760004
25/11/2016,13.10999966
28/11/2016,13.07466698
29/11/2016,12.63799953
30/11/2016,12.62666702
1/12/2016,12.12533283
2/12/2016,12.09799957
5/12/2016,12.4533329
6/12/2016,12.39000034
7/12/2016,12.87666702
8/12/2016,12.81933308
9/12/2016,12.81200027
12/12/2016,12.82866669
13/12/2016,13.21000004
14/12/2016,13.24600029
15/12/2016,13.17199993
16/12/2016,13.49933338
19/12/2016,13.51533318
20/12/2016,13.91933346
21/12/2016,13.84666729
22/12/2016,13.89666653
23/12/2016,14.22266674
27/12/2016,14.63533306
28/12/2016,14.649333
29/12/2016,14.31200027
30/12/2016,14.24600029
3/1/2017,14.4659996
4/1/2017,15.13266659
5/1/2017,15.11666679
6/1/2017,15.26733303
9/1/2017,15.41866684
10/1/2017,15.32466698
11/1/2017,15.31533337
12/1/2017,15.30599976
13/1/2017,15.85000038
17/1/2017,15.70533276
18/1/2017,15.89066696
19/1/2017,16.25066757
20/1/2017,16.31533241
23/1/2017,16.59466743
24/1/2017,16.97400093
25/1/2017,16.96466637
26/1/2017,16.83399963
27/1/2017,16.86333275
30/1/2017,16.70866776
31/1/2017,16.79533386
1/2/2017,16.61599922
2/2/2017,16.77000046
3/2/2017,16.75533295
6/2/2017,17.18466759
7/2/2017,17.16533279
8/2/2017,17.47200012
9/2/2017,17.94666672
10/2/2017,17.94866753
13/2/2017,18.70666695
14/2/2017,18.73200035
15/2/2017,18.65066719
16/2/2017,17.93000031
17/2/2017,18.14866638
21/2/2017,18.49266624
22/2/2017,18.23399925
23/2/2017,17.06599998
24/2/2017,17.13333321
27/2/2017,16.41533279
28/2/2017,16.66600037
1/3/2017,16.66799927
2/3/2017,16.69866753
3/3/2017,16.77133369
6/3/2017,16.74733353
7/3/2017,16.57266617
8/3/2017,16.45800018
9/3/2017,16.32666779
10/3/2017,16.24600029
13/3/2017,16.41133308
14/3/2017,17.20000076
15/3/2017,17.04866791
16/3/2017,17.46999931
17/3/2017,17.43333244
20/3/2017,17.46133232
21/3/2017,16.71199989
22/3/2017,17.00066757
23/3/2017,16.98533249
24/3/2017,17.54400063
27/3/2017,18.01466751
28/3/2017,18.49666786
29/3/2017,18.49200058
30/3/2017,18.52799988
31/3/2017,18.55333328
3/4/2017,19.90133286
4/4/2017,20.24666786
5/4/2017,19.66666794
6/4/2017,19.91333389
7/4/2017,20.1693325
10/4/2017,20.82600021
11/4/2017,20.5806675
12/4/2017,19.78933334
13/4/2017,20.26666641
17/4/2017,20.09600067
18/4/2017,20.01666641
19/4/2017,20.36800003
20/4/2017,20.1673336
21/4/2017,20.37333298
24/4/2017,20.53533363
25/4/2017,20.9193325
26/4/2017,20.6779995
27/4/2017,20.57533264
28/4/2017,20.93799973
1/5/2017,21.52199936
2/5/2017,21.25933266
3/5/2017,20.73466682
4/5/2017,19.69733238
5/5/2017,20.55666733
8/5/2017,20.47933388
9/5/2017,21.4173336
10/5/2017,21.68133354
11/5/2017,21.54000092
12/5/2017,21.65399933
15/5/2017,21.05866623
16/5/2017,21.13400078
17/5/2017,20.40733337
18/5/2017,20.8706665
19/5/2017,20.72200012
22/5/2017,20.69000053
23/5/2017,20.25733376
24/5/2017,20.68133354
25/5/2017,21.12199974
26/5/2017,21.6760006
30/5/2017,22.34000015
31/5/2017,22.73399925
1/6/2017,22.69133377
2/6/2017,22.65666771
5/6/2017,23.1546669
6/6/2017,23.5233326
7/6/2017,23.9766674
8/6/2017,24.66666794
9/6/2017,23.82133293
12/6/2017,23.93400002
13/6/2017,25.06333351
14/6/2017,25.37733269
15/6/2017,25.02266693
16/6/2017,24.76000023
19/6/2017,24.65333366
20/6/2017,24.81599998
21/6/2017,25.09333229
22/6/2017,25.50733376
23/6/2017,25.56333351
26/6/2017,25.16600037
27/6/2017,24.15800095
28/6/2017,24.74933243
29/6/2017,24.04999924
30/6/2017,24.10733223
3/7/2017,23.50799942
5/7/2017,21.80599976
6/7/2017,20.58866692
7/7/2017,20.8813324
10/7/2017,21.06999969
11/7/2017,21.81466675
12/7/2017,21.96800041
13/7/2017,21.56066704
14/7/2017,21.85199928
17/7/2017,21.30466652
18/7/2017,21.88266754
19/7/2017,21.68400002
20/7/2017,21.99466705
21/7/2017,21.89333344
24/7/2017,22.83466721
25/7/2017,22.63999939
26/7/2017,22.92333221
27/7/2017,22.29733276
28/7/2017,22.33799934
31/7/2017,21.56466675
1/8/2017,21.30466652
2/8/2017,21.72599983
3/8/2017,23.13933372
4/8/2017,23.79400063
7/8/2017,23.6779995
8/8/2017,24.34799957
9/8/2017,24.23533249
10/8/2017,23.69333267
11/8/2017,23.8579998
14/8/2017,24.25333214
15/8/2017,24.15533257
16/8/2017,24.19400024
17/8/2017,23.46133232
18/8/2017,23.16399956
21/8/2017,22.52400017
22/8/2017,22.75666618
23/8/2017,23.51799965
24/8/2017,23.52866745
25/8/2017,23.2033329
28/8/2017,23.04400063
29/8/2017,23.15733337
30/8/2017,23.54533386
31/8/2017,23.7266674
1/9/2017,23.69333267
5/9/2017,23.30599976
6/9/2017,22.96866608
7/9/2017,23.37400055
8/9/2017,22.89333344
11/9/2017,24.24600029
12/9/2017,24.18333244
13/9/2017,24.41533279
14/9/2017,25.1760006
15/9/2017,25.32066727
18/9/2017,25.66666794
19/9/2017,25.00666618
20/9/2017,24.92733383
21/9/2017,24.43199921
22/9/2017,23.40600014
25/9/2017,22.99933243
26/9/2017,23.01666641
27/9/2017,22.73133278
28/9/2017,22.63999939
29/9/2017,22.73999977
2/10/2017,22.76866722
3/10/2017,23.20933342
4/10/2017,23.6673336
5/10/2017,23.6886673
6/10/2017,23.79199982
9/10/2017,22.86266708
10/10/2017,23.70599937
11/10/2017,23.63999939
12/10/2017,23.71199989
13/10/2017,23.70466614
16/10/2017,23.37333298
17/10/2017,23.71666718
18/10/2017,23.9766674
19/10/2017,23.45400047
20/10/2017,23.00666618
23/10/2017,22.46800041
24/10/2017,22.4893322
25/10/2017,21.72266769
26/10/2017,21.74466705
27/10/2017,21.39133263
30/10/2017,21.33866692
31/10/2017,22.10199928
1/11/2017,21.40533257
2/11/2017,19.95066643
3/11/2017,20.40600014
6/11/2017,20.18533325
7/11/2017,20.40333366
8/11/2017,20.29266739
9/11/2017,20.19933319
10/11/2017,20.19933319
13/11/2017,21.02666664
14/11/2017,20.57999992
15/11/2017,20.75333214
16/11/2017,20.83333206
17/11/2017,21.00333214
20/11/2017,20.5826664
21/11/2017,21.18733215
22/11/2017,20.84000015
24/11/2017,21.03666687
27/11/2017,21.1206665
28/11/2017,21.17000008
29/11/2017,20.50266647
30/11/2017,20.59000015
1/12/2017,20.43533325
4/12/2017,20.34666634
5/12/2017,20.24666786
6/12/2017,20.88400078
7/12/2017,20.74933243
8/12/2017,21.00866699
11/12/2017,21.92733383
12/12/2017,22.73533249
13/12/2017,22.60199928
14/12/2017,22.52599907
15/12/2017,22.89666748
18/12/2017,22.59133339
19/12/2017,22.07333374
20/12/2017,21.93199921
21/12/2017,22.11066628
22/12/2017,21.68000031
26/12/2017,21.15266609
27/12/2017,20.77599907
28/12/2017,21.02400017
29/12/2017,20.75666618
2/1/2018,21.3686676
3/1/2018,21.14999962
4/1/2018,20.9746666
5/1/2018,21.10533333
8/1/2018,22.42733383
9/1/2018,22.24600029
10/1/2018,22.31999969
11/1/2018,22.53000069
12/1/2018,22.41466713
16/1/2018,22.67066765
17/1/2018,23.1439991
18/1/2018,22.97133255
19/1/2018,23.33466721
22/1/2018,23.43733215
23/1/2018,23.51933289
24/1/2018,23.0593338
25/1/2018,22.50933266
26/1/2018,22.85666656
29/1/2018,23.30200005
30/1/2018,23.05466652
31/1/2018,23.6206665
1/2/2018,23.28333282
2/2/2018,22.91666794
5/2/2018,22.20866776
6/2/2018,22.26466751
7/2/2018,23
8/2/2018,21.01533318
9/2/2018,20.69466782
12/2/2018,21.04866791
13/2/2018,21.57733345
14/2/2018,21.4873333
15/2/2018,22.27133369
16/2/2018,22.36599922
20/2/2018,22.31800079
21/2/2018,22.21999931
22/2/2018,23.07799911
23/2/2018,23.46999931
26/2/2018,23.82799911
27/2/2018,23.39933205
28/2/2018,22.8706665
1/3/2018,22.06200027
2/3/2018,22.34133339
5/3/2018,22.22333336
6/3/2018,21.87999916
7/3/2018,22.15333366
8/3/2018,21.94000053
9/3/2018,21.8113327
12/3/2018,23.0340004
13/3/2018,22.78933334
14/3/2018,21.7753334
15/3/2018,21.70666695
16/3/2018,21.42333221
19/3/2018,20.90399933
20/3/2018,20.7033329
21/3/2018,21.10199928
22/3/2018,20.60666656
23/3/2018,20.10266685
26/3/2018,20.27866745
27/3/2018,18.61199951
28/3/2018,17.18533325
29/3/2018,17.74200058
2/4/2018,16.83200073
3/4/2018,17.83533287
4/4/2018,19.1293335
5/4/2018,20.3813324
6/4/2018,19.9533329
9/4/2018,19.31066704
10/4/2018,20.31333351
11/4/2018,20.06200027
12/4/2018,19.60533333
13/4/2018,20.02266693
16/4/2018,19.41399956
17/4/2018,19.17933273
18/4/2018,19.55666733
19/4/2018,20.00533295
20/4/2018,19.34933281
23/4/2018,18.89133263
24/4/2018,18.89733315
25/4/2018,18.71266747
26/4/2018,19.03199959
27/4/2018,19.60533333
30/4/2018,19.59333229
1/5/2018,19.99466705
2/5/2018,20.07666779
3/5/2018,18.96333313
4/5/2018,19.6060009
7/5/2018,20.18466759
8/5/2018,20.1313324
9/5/2018,20.45666695
10/5/2018,20.33466721
11/5/2018,20.07066727
14/5/2018,19.46466637
15/5/2018,18.94533348
16/5/2018,19.09866714
17/5/2018,18.96933365
18/5/2018,18.45466614
21/5/2018,18.9659996
22/5/2018,18.33399963
23/5/2018,18.60466766
24/5/2018,18.5233326
25/5/2018,18.59000015
29/5/2018,18.9173336
30/5/2018,19.44799995
31/5/2018,18.98200035
1/6/2018,19.45466614
4/6/2018,19.78266716
5/6/2018,19.40866661
6/6/2018,21.29999924
7/6/2018,21.07266617
8/6/2018,21.17733383
11/6/2018,22.13999939
12/6/2018,22.85133362
13/6/2018,22.98533249
14/6/2018,23.84799957
15/6/2018,23.87800026
18/6/2018,24.72200012
19/6/2018,23.50333214
20/6/2018,24.14800072
21/6/2018,23.1673336
22/6/2018,22.24200058
25/6/2018,22.20066643
26/6/2018,22.79999924
27/6/2018,22.96666718
28/6/2018,23.32866669
29/6/2018,22.86333275
2/7/2018,22.33799934
3/7/2018,20.72400093
5/7/2018,20.61066628
6/7/2018,20.59333229
9/7/2018,21.23399925
10/7/2018,21.49799919
11/7/2018,21.26399994
12/7/2018,21.11400032
13/7/2018,21.25799942
16/7/2018,20.67333221
17/7/2018,21.5126667
18/7/2018,21.59000015
19/7/2018,21.34866714
20/7/2018,20.90533257
23/7/2018,20.21333313
24/7/2018,19.82866669
25/7/2018,20.5826664
26/7/2018,20.44333267
27/7/2018,19.81200027
30/7/2018,19.34466743
31/7/2018,19.87599945
1/8/2018,20.05599976
2/8/2018,23.30266762
3/8/2018,23.21133232
6/8/2018,22.79933357
7/8/2018,25.30466652
8/8/2018,24.68933296
9/8/2018,23.49666786
10/8/2018,23.69933319
13/8/2018,23.7606678
14/8/2018,23.1760006
15/8/2018,22.57933235
16/8/2018,22.36333275
17/8/2018,20.36666679
20/8/2018,20.56266785
21/8/2018,21.45999908
22/8/2018,21.44266701
23/8/2018,21.34000015
24/8/2018,21.52133369
27/8/2018,21.28466606
28/8/2018,20.79066658
29/8/2018,20.33399963
30/8/2018,20.20999908
31/8/2018,20.11066628
4/9/2018,19.26333237
5/9/2018,18.7159996
6/9/2018,18.72999954
7/9/2018,17.54933357
10/9/2018,19.03333282
11/9/2018,18.6293335
12/9/2018,19.36933327
13/9/2018,19.29733276
14/9/2018,19.68000031
17/9/2018,19.65600014
18/9/2018,18.99733353
19/9/2018,19.93466759
20/9/2018,19.88866615
21/9/2018,19.94000053
24/9/2018,19.97866631
25/9/2018,20.06599998
26/9/2018,20.63866615
27/9/2018,20.50133324
28/9/2018,17.65133286
1/10/2018,20.71333313
2/10/2018,20.06800079
3/10/2018,19.65333366
4/10/2018,18.78866768
5/10/2018,17.46333313
8/10/2018,16.70400047
9/10/2018,17.52000046
10/10/2018,17.12533379
11/10/2018,16.81533241
12/10/2018,17.25200081
15/10/2018,17.30599976
16/10/2018,18.43933296
17/10/2018,18.1186676
18/10/2018,17.59399986
19/10/2018,17.33333206
22/10/2018,17.39666748
23/10/2018,19.60933304
24/10/2018,19.23333359
25/10/2018,20.99066734
26/10/2018,22.05999947
29/10/2018,22.32333374
30/10/2018,21.99333382
31/10/2018,22.48800087
1/11/2018,22.95199966
2/11/2018,23.09399986
5/11/2018,22.76000023
6/11/2018,22.7373333
7/11/2018,23.21066666
8/11/2018,23.42666626
9/11/2018,23.36733246
12/11/2018,22.08533287
13/11/2018,22.58200073
14/11/2018,22.93333244
15/11/2018,23.22933388
16/11/2018,23.6206665
19/11/2018,23.56466675
20/11/2018,23.16600037
21/11/2018,22.54599953
23/11/2018,21.72200012
26/11/2018,23.06666756
27/11/2018,22.9279995
28/11/2018,23.19133377
29/11/2018,22.74466705
30/11/2018,23.36533356
3/12/2018,23.89933205
4/12/2018,23.97999954
6/12/2018,24.20400047
7/12/2018,23.86466789
10/12/2018,24.34333229
11/12/2018,24.45066643
12/12/2018,24.44000053
13/12/2018,25.11933327
14/12/2018,24.38066673
17/12/2018,23.22800064
18/12/2018,22.46866608
19/12/2018,22.19799995
20/12/2018,21.0253334
21/12/2018,21.31800079
24/12/2018,19.69266701
26/12/2018,21.7393322
27/12/2018,21.07533264
28/12/2018,22.25799942
31/12/2018,22.18666649
2/1/2019,20.67466736
3/1/2019,20.02400017
4/1/2019,21.17933273
7/1/2019,22.3306675
8/1/2019,22.35666656
9/1/2019,22.56866646
10/1/2019,22.99799919
11/1/2019,23.15066719
14/1/2019,22.29333305
15/1/2019,22.96199989
16/1/2019,23.06999969
17/1/2019,23.15399933
18/1/2019,20.15066719
22/1/2019,19.9279995
23/1/2019,19.17266655
24/1/2019,19.43400002
25/1/2019,19.80266762
28/1/2019,19.75866699
29/1/2019,19.8306675
30/1/2019,20.58466721
31/1/2019,20.46800041
1/2/2019,20.81399918
4/2/2019,20.85933304
5/2/2019,21.42333221
6/2/2019,21.14800072
7/2/2019,20.50066757
8/2/2019,20.38666725
11/2/2019,20.8560009
12/2/2019,20.78733253
13/2/2019,20.54466629
14/2/2019,20.25133324
15/2/2019,20.5253334
19/2/2019,20.37599945
20/2/2019,20.17066765
21/2/2019,19.41533279
22/2/2019,19.64733315
25/2/2019,19.91799927
26/2/2019,19.85733223
27/2/2019,20.98266792
28/2/2019,21.32533264
1/3/2019,19.65266609
4/3/2019,19.02400017
5/3/2019,18.43600082
6/3/2019,18.41600037
7/3/2019,18.43933296
8/3/2019,18.94266701
11/3/2019,19.39466667
12/3/2019,18.89066696
13/3/2019,19.26399994
14/3/2019,19.3306675
15/3/2019,18.36199951
18/3/2019,17.9659996
19/3/2019,17.83133316
20/3/2019,18.23999977
21/3/2019,18.26799965
22/3/2019,17.63533211
25/3/2019,17.36133385
26/3/2019,17.85133362
27/3/2019,18.3220005
28/3/2019,18.57466698
29/3/2019,18.65733337
1/4/2019,19.27866745
2/4/2019,19.05866623
3/4/2019,19.45400047
4/4/2019,17.85199928
5/4/2019,18.3306675
8/4/2019,18.21333313
9/4/2019,18.15399933
10/4/2019,18.40399933
11/4/2019,17.89466667
12/4/2019,17.84666634
15/4/2019,17.75866699
16/4/2019,18.22400093
17/4/2019,18.08200073
18/4/2019,18.21733284
22/4/2019,17.51666641
23/4/2019,17.59333229
24/4/2019,17.24399948
25/4/2019,16.50866699
26/4/2019,15.67599964
29/4/2019,16.09799957
30/4/2019,15.91266727
1/5/2019,15.600667
2/5/2019,16.2733326
3/5/2019,17.00200081
6/5/2019,17.02266693
7/5/2019,16.47066689
8/5/2019,16.32266617
9/5/2019,16.13199997
10/5/2019,15.96800041
13/5/2019,15.13399982
14/5/2019,15.4873333
15/5/2019,15.46333313
16/5/2019,15.22200012
17/5/2019,14.06866741
20/5/2019,13.69066715
21/5/2019,13.67199993
22/5/2019,12.84866714
23/5/2019,13.03266716
24/5/2019,12.7086668
28/5/2019,12.57999992
29/5/2019,12.65733337
30/5/2019,12.54800034
31/5/2019,12.34399986
3/6/2019,11.93133259
4/6/2019,12.90666676
5/6/2019,13.10599995
6/6/2019,13.72999954
7/6/2019,13.63333321
10/6/2019,14.19200039
11/6/2019,14.47333336
12/6/2019,13.95066738
13/6/2019,14.26066685
14/6/2019,14.32800007
17/6/2019,15.00199986
18/6/2019,14.98266697
19/6/2019,15.0953331
20/6/2019,14.64133263
21/6/2019,14.79066658
24/6/2019,14.90933323
25/6/2019,14.65066719
26/6/2019,14.61800003
27/6/2019,14.85599995
28/6/2019,14.89733315
1/7/2019,15.14466667
2/7/2019,14.97000027
3/7/2019,15.65999985
5/7/2019,15.53999996
8/7/2019,15.35599995
9/7/2019,15.33733273
10/7/2019,15.92800045
11/7/2019,15.90666676
12/7/2019,16.33866692
15/7/2019,16.89999962
16/7/2019,16.82533264
17/7/2019,16.99066734
18/7/2019,16.90266609
19/7/2019,17.21199989
22/7/2019,17.04533386
23/7/2019,17.34466743
24/7/2019,17.65866661
25/7/2019,15.25466728
26/7/2019,15.20266724
29/7/2019,15.71800041
30/7/2019,16.15066719
31/7/2019,16.10733223
1/8/2019,15.59000015
2/8/2019,15.62266731
5/8/2019,15.22133255
6/8/2019,15.38333321
7/8/2019,15.5613327
8/8/2019,15.88666725
9/8/2019,15.66733265
12/8/2019,15.26733303
13/8/2019,15.66666698
14/8/2019,14.64133263
15/8/2019,14.3760004
16/8/2019,14.66266727
19/8/2019,15.12199974
20/8/2019,15.05733299
21/8/2019,14.72200012
22/8/2019,14.81000042
23/8/2019,14.09333324
26/8/2019,14.33333302
27/8/2019,14.27200031
28/8/2019,14.37266731
29/8/2019,14.7806673
30/8/2019,15.04066658
3/9/2019,15.00066662
4/9/2019,14.71199989
5/9/2019,15.30533314
6/9/2019,15.16333294
9/9/2019,15.45266724
10/9/2019,15.70266724
11/9/2019,16.47333336
12/9/2019,16.39133263
13/9/2019,16.34666634
16/9/2019,16.18733215
17/9/2019,16.31933212
18/9/2019,16.23266792
19/9/2019,16.44000053
20/9/2019,16.04133224
23/9/2019,16.08200073
24/9/2019,14.88066673
25/9/2019,15.24666691
26/9/2019,16.17066765
27/9/2019,16.1420002
30/9/2019,16.05800056
1/10/2019,16.31266785
2/10/2019,16.20866776
3/10/2019,15.53533268
4/10/2019,15.42866707
7/10/2019,15.84799957
8/10/2019,16.00333214
9/10/2019,16.30200005
10/10/2019,16.31599998
11/10/2019,16.52599907
14/10/2019,17.13066673
15/10/2019,17.19266701
16/10/2019,17.31666756
17/10/2019,17.46466637
18/10/2019,17.12999916
21/10/2019,16.89999962
22/10/2019,17.03866768
23/10/2019,16.97866631
24/10/2019,19.97866631
25/10/2019,21.87533379
28/10/2019,21.84733391
29/10/2019,21.08133316
30/10/2019,21.00066757
31/10/2019,20.99466705
1/11/2019,20.88733292
4/11/2019,21.16466713
5/11/2019,21.14800072
6/11/2019,21.77199936
7/11/2019,22.36933327
8/11/2019,22.47599983
11/11/2019,23.00600052
12/11/2019,23.32866669
13/11/2019,23.0739994
14/11/2019,23.29000092
15/11/2019,23.47800064
18/11/2019,23.3326664
19/11/2019,23.96800041
20/11/2019,23.48133278
21/11/2019,23.65533257
22/11/2019,22.20266724
25/11/2019,22.42266655
26/11/2019,21.9279995
27/11/2019,22.08600044
29/11/2019,21.99600029
2/12/2019,22.32466698
3/12/2019,22.41333389
4/12/2019,22.20199966
5/12/2019,22.02466774
6/12/2019,22.39266777
9/12/2019,22.63533211
10/12/2019,23.25600052
11/12/2019,23.51333237
12/12/2019,23.97866631
13/12/2019,23.89266777
16/12/2019,25.43333244
17/12/2019,25.26600075
18/12/2019,26.20999908
19/12/2019,26.93600082
20/12/2019,27.03933334
23/12/2019,27.94799995
24/12/2019,28.35000038
26/12/2019,28.72933388
27/12/2019,28.69199944
30/12/2019,27.64666748
31/12/2019,27.88866615
2/1/2020,28.68400002
3/1/2020,29.5340004
6/1/2020,30.10266685
7/1/2020,31.27066612
8/1/2020,32.8093338
9/1/2020,32.08933258
10/1/2020,31.87666702
13/1/2020,34.99066544
14/1/2020,35.86133194
15/1/2020,34.56666565
16/1/2020,34.23266602
17/1/2020,34.03333282
21/1/2020,36.47999954
22/1/2020,37.97066879
23/1/2020,38.14666748
24/1/2020,37.6546669
27/1/2020,37.20133209
28/1/2020,37.79333115
29/1/2020,38.73266602
30/1/2020,42.72066879
31/1/2020,43.37133408
3/2/2020,52
4/2/2020,59.13733292
5/2/2020,48.97999954
6/2/2020,49.93066788
7/2/2020,49.87133408
10/2/2020,51.41866684
11/2/2020,51.62533188
12/2/2020,51.152668
13/2/2020,53.59999847
14/2/2020,53.33533478
18/2/2020,57.2266655
19/2/2020,61.16133118
20/2/2020,59.96066666
21/2/2020,60.06666565
24/2/2020,55.58599854
25/2/2020,53.32733154
26/2/2020,51.91999817
27/2/2020,45.26666641
28/2/2020,44.53266525
2/3/2020,49.57466888
3/3/2020,49.70066833
4/3/2020,49.96666718
5/3/2020,48.30266571
6/3/2020,46.89866638
9/3/2020,40.53333282
10/3/2020,43.02199936
11/3/2020,42.2820015
12/3/2020,37.36999893
13/3/2020,36.44133377
16/3/2020,29.67133331
17/3/2020,28.68000031
18/3/2020,24.08133316
19/3/2020,28.50933266
20/3/2020,28.50200081
23/3/2020,28.95266724
24/3/2020,33.66666794
25/3/2020,35.95000076
26/3/2020,35.21066666
27/3/2020,34.29066849
30/3/2020,33.47533417
31/3/2020,34.93333435
1/4/2020,32.10400009
2/4/2020,30.29800034
3/4/2020,32.00066757
6/4/2020,34.41600037
7/4/2020,36.36333466
8/4/2020,36.58933258
9/4/2020,38.20000076
13/4/2020,43.39666748
14/4/2020,47.32600021
15/4/2020,48.65533447
16/4/2020,49.68066788
17/4/2020,50.25933456
20/4/2020,49.75733185
21/4/2020,45.78133392
22/4/2020,48.8073349
23/4/2020,47.04199982
24/4/2020,48.3433342
27/4/2020,53.25
28/4/2020,51.27466583
29/4/2020,53.36733246
30/4/2020,52.12533188
1/5/2020,46.75466537
4/5/2020,50.74599838
5/5/2020,51.2140007
6/5/2020,52.17200089
7/5/2020,52.00266647
8/5/2020,54.62799835
11/5/2020,54.08599854
12/5/2020,53.96066666
13/5/2020,52.73066711
14/5/2020,53.55533218
15/5/2020,53.27799988
18/5/2020,54.24200058
19/5/2020,53.86733246
20/5/2020,54.3706665
21/5/2020,55.17333221
22/5/2020,54.45866776
26/5/2020,54.59133148
27/5/2020,54.68199921
28/5/2020,53.72066879
29/5/2020,55.66666794
1/6/2020,59.87333298
2/6/2020,58.77066803
3/6/2020,58.86399841
4/6/2020,57.62533188
5/6/2020,59.04399872
8/6/2020,63.32799911
9/6/2020,62.71133423
10/6/2020,68.33666992
11/6/2020,64.85600281
12/6/2020,62.35200119
15/6/2020,66.05999756
16/6/2020,65.47533417
17/6/2020,66.11933136
18/6/2020,66.93066406
19/6/2020,66.72666931
22/6/2020,66.28800201
23/6/2020,66.78533173
24/6/2020,64.05666351
25/6/2020,65.73200226
26/6/2020,63.98266602
29/6/2020,67.29000092
30/6/2020,71.98733521
1/7/2020,74.64199829
2/7/2020,80.57733154
6/7/2020,91.4386673
7/7/2020,92.65733337
8/7/2020,91.05867004
9/7/2020,92.95200348
10/7/2020,102.9766693
13/7/2020,99.80400085
14/7/2020,101.1200027
15/7/2020,103.0673294
16/7/2020,100.0426636
17/7/2020,100.0559998
20/7/2020,109.5333328
21/7/2020,104.5573349
22/7/2020,106.1553345
23/7/2020,100.8713303
24/7/2020,94.46666718
27/7/2020,102.6399994
28/7/2020,98.43267059
29/7/2020,99.9406662
30/7/2020,99.16600037
31/7/2020,95.38400269
3/8/2020,99
4/8/2020,99.1333313
5/8/2020,99.00133514
6/8/2020,99.305336
7/8/2020,96.84733582
10/8/2020,94.57133484
11/8/2020,91.62599945
12/8/2020,103.6506653
13/8/2020,108.0666656
14/8/2020,110.0473328
17/8/2020,122.3759995
18/8/2020,125.8059998
19/8/2020,125.2353363
20/8/2020,133.4553375
21/8/2020,136.665329
24/8/2020,134.2799988
25/8/2020,134.889328
26/8/2020,143.5446625
27/8/2020,149.25
28/8/2020,147.5599976
31/8/2020,166.1066742
1/9/2020,158.3500061
2/9/2020,149.1233368
3/9/2020,135.6666718
4/9/2020,139.4400024
8/9/2020,110.0699997
9/9/2020,122.0933304
10/9/2020,123.7799988
11/9/2020,124.2399979
14/9/2020,139.8733368
15/9/2020,149.9199982
16/9/2020,147.2533264
17/9/2020,141.1433258
18/9/2020,147.3833313
21/9/2020,149.7966614
22/9/2020,141.4100037
23/9/2020,126.7866669
24/9/2020,129.2633362
25/9/2020,135.7799988
28/9/2020,140.3999939
29/9/2020,139.6900024
30/9/2020,143.0033264
1/10/2020,149.386673
2/10/2020,138.363327
5/10/2020,141.8933258
6/10/2020,137.9933319
7/10/2020,141.7666626
8/10/2020,141.9733276
9/10/2020,144.6666718
12/10/2020,147.4333344
13/10/2020,148.8833313
14/10/2020,153.7666626
15/10/2020,149.6266632
16/10/2020,146.5566711
19/10/2020,143.6100006
20/10/2020,140.6466675
21/10/2020,140.8800049
22/10/2020,141.9299927
23/10/2020,140.2100067
26/10/2020,140.093338
27/10/2020,141.5599976
28/10/2020,135.3399963
29/10/2020,136.9433289
30/10/2020,129.3466644
2/11/2020,133.5033264
3/11/2020,141.3000031
4/11/2020,140.3266602
5/11/2020,146.0299988
6/11/2020,143.3166656
9/11/2020,140.4199982
10/11/2020,136.7866669
11/11/2020,139.043335
12/11/2020,137.2533264
13/11/2020,136.1666718
16/11/2020,136.0299988
17/11/2020,147.2033386
18/11/2020,162.2133331
19/11/2020,166.4233398
20/11/2020,163.2033386
23/11/2020,173.9499969
24/11/2020,185.1266632
25/11/2020,191.3333282
27/11/2020,195.2533264
30/11/2020,189.1999969
1/12/2020,194.9199982
2/12/2020,189.6066742
3/12/2020,197.793335
4/12/2020,199.6799927
7/12/2020,213.9199982
8/12/2020,216.6266632
9/12/2020,201.4933319
10/12/2020,209.0233307
11/12/2020,203.3300018
14/12/2020,213.2766724
15/12/2020,211.0833282
16/12/2020,207.5899963
17/12/2020,218.6333313
18/12/2020,231.6666718
21/12/2020,216.6199951
22/12/2020,213.4466705
23/12/2020,215.3266602
24/12/2020,220.5899963
28/12/2020,221.2299957
29/12/2020,221.9966736
30/12/2020,231.593338
31/12/2020,235.2233276
4/1/2021,243.2566681
5/1/2021,245.0366669
6/1/2021,251.9933319
7/1/2021,272.0133362
8/1/2021,293.3399963
11/1/2021,270.3966675
12/1/2021,283.1466675
13/1/2021,284.8033447
14/1/2021,281.6666565
15/1/2021,275.3866577
19/1/2021,281.5166626
20/1/2021,283.4833374
21/1/2021,281.6633301
22/1/2021,282.2133179
25/1/2021,293.6000061
26/1/2021,294.3633423
27/1/2021,288.0533447
28/1/2021,278.4766541
29/1/2021,264.5100098
1/2/2021,279.936676
2/2/2021,290.9299927
3/2/2021,284.8966675
4/2/2021,283.3299866
5/2/2021,284.0766602
8/2/2021,287.8066711
9/2/2021,283.1533203
10/2/2021,268.2733459
11/2/2021,270.5533447
12/2/2021,272.0400085
16/2/2021,265.4066772
17/2/2021,266.0499878
18/2/2021,262.4599915
19/2/2021,260.4333191
22/2/2021,238.1666718
23/2/2021,232.9466705
24/2/2021,247.3399963
25/2/2021,227.406662
26/2/2021,225.1666718
1/3/2021,239.4766693
2/3/2021,228.8133392
3/3/2021,217.7333374
4/3/2021,207.1466675
5/3/2021,199.3166656
8/3/2021,187.6666718
9/3/2021,224.5266724
10/3/2021,222.6866608
11/3/2021,233.1999969
12/3/2021,231.2433319
15/3/2021,235.9799957
16/3/2021,225.6266632
17/3/2021,233.9366608
18/3/2021,217.7200012
19/3/2021,218.2899933
22/3/2021,223.3333282
23/3/2021,220.7200012
24/3/2021,210.0899963
25/3/2021,213.4633331
26/3/2021,206.2366638
29/3/2021,203.7633362
30/3/2021,211.8733368
31/3/2021,222.6433258
1/4/2021,220.5833282
5/4/2021,230.3500061
6/4/2021,230.5399933
7/4/2021,223.656662
8/4/2021,227.9333344
9/4/2021,225.6733398
12/4/2021,233.9933319
13/4/2021,254.1066742
14/4/2021,244.0766602
15/4/2021,246.2833405
16/4/2021,246.593338
19/4/2021,238.2100067
20/4/2021,239.6633301
21/4/2021,248.0399933
22/4/2021,239.8966675
23/4/2021,243.1333313
26/4/2021,246.0666656
27/4/2021,234.9133301
28/4/2021,231.4666595
29/4/2021,225.6666718
30/4/2021,236.4799957
3/5/2021,228.3000031
4/5/2021,224.5333405
5/5/2021,223.6466675
6/5/2021,221.1799927
7/5/2021,224.1233368
10/5/2021,209.6799927
11/5/2021,205.7333374
12/5/2021,196.6300049
13/5/2021,190.5633392
14/5/2021,196.5800018
17/5/2021,192.2766724
18/5/2021,192.6233368
19/5/2021,187.8200073
20/5/2021,195.593338
21/5/2021,193.6266632
24/5/2021,202.1466675
25/5/2021,201.5633392
26/5/2021,206.3766632
27/5/2021,210.2833405
28/5/2021,208.406662
1/6/2021,207.9666595
2/6/2021,201.706665
3/6/2021,190.9466705
4/6/2021,199.6833344
7/6/2021,201.7100067
8/6/2021,201.1966705
9/6/2021,199.593338
10/6/2021,203.3733368
11/6/2021,203.2966614
14/6/2021,205.8966675
15/6/2021,199.7866669
16/6/2021,201.6233368
17/6/2021,205.5333405
18/6/2021,207.7700043
21/6/2021,206.9433289
22/6/2021,207.9033356
23/6/2021,218.8566742
24/6/2021,226.6066742
25/6/2021,223.956665
28/6/2021,229.5733337
29/6/2021,226.9199982
30/6/2021,226.5666656
1/7/2021,225.9733276
2/7/2021,226.3000031
6/7/2021,219.8600006
7/7/2021,214.8833313
8/7/2021,217.6033325
9/7/2021,218.9833374
12/7/2021,228.5666656
13/7/2021,222.8466644
14/7/2021,217.793335
15/7/2021,216.8666687
16/7/2021,214.7400055
19/7/2021,215.406662
20/7/2021,220.1666718
21/7/2021,218.4299927
22/7/2021,216.4199982
23/7/2021,214.4600067
26/7/2021,219.206665
27/7/2021,214.9266663
28/7/2021,215.6600037
29/7/2021,225.7833405
30/7/2021,229.0666656
2/8/2021,236.5566711
3/8/2021,236.5800018
4/8/2021,236.9733276
5/8/2021,238.2100067
6/8/2021,233.0333405
9/8/2021,237.9199982
10/8/2021,236.6633301
11/8/2021,235.9400024
12/8/2021,240.75
13/8/2021,239.0566711
16/8/2021,228.7233276
17/8/2021,221.9033356
18/8/2021,229.6633301
19/8/2021,224.4900055
20/8/2021,226.7533264
23/8/2021,235.4333344
24/8/2021,236.1633301
25/8/2021,237.0666656
26/8/2021,233.7200012
27/8/2021,237.3066711
30/8/2021,243.636673
31/8/2021,245.2400055
1/9/2021,244.6966705
2/9/2021,244.1300049
3/9/2021,244.5233307
7/9/2021,250.9733276
8/9/2021,251.2899933
9/9/2021,251.6199951
10/9/2021,245.4233398
13/9/2021,247.6666718
14/9/2021,248.1633301
15/9/2021,251.9433289
16/9/2021,252.3300018
17/9/2021,253.1633301
20/9/2021,243.3899994
21/9/2021,246.4600067
22/9/2021,250.6466675
23/9/2021,251.2133331
24/9/2021,258.1300049
27/9/2021,263.7866821
28/9/2021,259.186676
29/9/2021,260.436676
30/9/2021,258.4933472
1/10/2021,258.4066772
4/10/2021,260.5100098
5/10/2021,260.1966553
6/10/2021,260.9166565
7/10/2021,264.5366821
8/10/2021,261.8299866
11/10/2021,263.980011
12/10/2021,268.5733337
13/10/2021,270.3599854
14/10/2021,272.7733459
15/10/2021,281.0100098
18/10/2021,290.0366821
19/10/2021,288.0899963
20/10/2021,288.6000061
21/10/2021,298
22/10/2021,303.2266541
25/10/2021,341.6199951
26/10/2021,339.4766541
27/10/2021,345.9533386
28/10/2021,359.0133362
29/10/2021,371.3333435
1/11/2021,402.8633423
2/11/2021,390.6666565
3/11/2021,404.6199951
4/11/2021,409.9700012
5/11/2021,407.3633423
8/11/2021,387.6466675
9/11/2021,341.1666565
10/11/2021,355.9833374
11/11/2021,354.5033264
12/11/2021,344.4733276
15/11/2021,337.7966614
16/11/2021,351.5766602
17/11/2021,363.0033264
18/11/2021,365.4599915
19/11/2021,379.019989
22/11/2021,385.6233215
23/11/2021,369.6766663
24/11/2021,372
26/11/2021,360.6400146
29/11/2021,378.9966736
30/11/2021,381.5866699
1/12/2021,365
2/12/2021,361.5333252
3/12/2021,338.3233337
6/12/2021,336.3366699
7/12/2021,350.5833435
8/12/2021,356.3200073
9/12/2021,334.6000061
10/12/2021,339.0100098
13/12/2021,322.1366577
14/12/2021,319.5033264
15/12/2021,325.3299866
16/12/2021,308.9733276
17/12/2021,310.8566589
20/12/2021,299.980011
21/12/2021,312.8433228
22/12/2021,336.2900085
23/12/2021,355.6666565
27/12/2021,364.6466675
28/12/2021,362.8233337
29/12/2021,362.063324
30/12/2021,356.7799988
31/12/2021,352.2600098
3/1/2022,399.9266663
4/1/2022,383.1966553
5/1/2022,362.706665
6/1/2022,354.8999939
7/1/2022,342.3200073
10/1/2022,352.706665
11/1/2022,354.7999878
12/1/2022,368.7399902
13/1/2022,343.8533325
14/1/2022,349.8699951
18/1/2022,343.5033264
19/1/2022,331.8833313
20/1/2022,332.0899963
21/1/2022,314.6333313
24/1/2022,310
25/1/2022,306.1333313
26/1/2022,312.4700012
27/1/2022,276.3666687
28/1/2022,282.1166687
31/1/2022,312.2399902
1/2/2022,310.4166565
2/2/2022,301.8866577
3/2/2022,297.0466614
4/2/2022,307.7733459
7/2/2022,302.4466553
8/2/2022,307.3333435
9/2/2022,310.6666565
10/2/2022,301.5166626
11/2/2022,286.6666565
14/2/2022,291.9200134
15/2/2022,307.4766541
16/2/2022,307.7966614
17/2/2022,292.1166687
18/2/2022,285.6600037
22/2/2022,273.8433228
23/2/2022,254.6799927
24/2/2022,266.9233398
25/2/2022,269.956665
28/2/2022,290.1433411
1/3/2022,288.1233215
2/3/2022,293.2966614
3/3/2022,279.7633362
4/3/2022,279.4299927
7/3/2022,268.1933289
8/3/2022,274.7999878
9/3/2022,286.3233337
10/3/2022,279.4333191
11/3/2022,265.1166687
14/3/2022,255.456665
15/3/2022,267.2966614
16/3/2022,280.0766602
17/3/2022,290.5333252
18/3/2022,301.7966614
21/3/2022,307.0533447
22/3/2022,331.3266602
23/3/2022,333.0366821
24/3/2022,337.9733276
25/3/2022,336.8800049
28/3/2022,363.9466553
29/3/2022,366.5233459
30/3/2022,364.6633301
31/3/2022,359.2000122
1/4/2022,361.5299988
4/4/2022,381.8166809
5/4/2022,363.7533264
6/4/2022,348.5866699
7/4/2022,352.4200134
8/4/2022,341.8299866
11/4/2022,325.3099976
12/4/2022,328.9833374
13/4/2022,340.7900085
14/4/2022,328.3333435
18/4/2022,334.7633362
19/4/2022,342.7166748
20/4/2022,325.7333374
21/4/2022,336.2600098
22/4/2022,335.0166626
25/4/2022,332.6733398
26/4/2022,292.1400146
27/4/2022,293.8366699
28/4/2022,292.5033264
29/4/2022,290.2533264
2/5/2022,300.980011
3/5/2022,303.0833435
4/5/2022,317.5400085
5/5/2022,291.0933228
6/5/2022,288.5499878
9/5/2022,262.3699951
10/5/2022,266.6799927
11/5/2022,244.6666718
12/5/2022,242.6666718
13/5/2022,256.5299988
16/5/2022,241.456665
17/5/2022,253.8699951
18/5/2022,236.6033325
19/5/2022,236.4733276
20/5/2022,221.3000031
23/5/2022,224.9666595
24/5/2022,209.386673
25/5/2022,219.6000061
26/5/2022,235.9100037
27/5/2022,253.2100067
31/5/2022,252.7533264
1/6/2022,246.7899933
2/6/2022,258.3333435
3/6/2022,234.5166626
6/6/2022,238.2799988
7/6/2022,238.886673
8/6/2022,241.8666687
9/6/2022,239.706665
10/6/2022,232.2299957
13/6/2022,215.7366638
14/6/2022,220.8899994
15/6/2022,233
16/6/2022,213.1000061
17/6/2022,216.7599945
21/6/2022,237.0366669
22/6/2022,236.0866699
23/6/2022,235.0700073
24/6/2022,245.706665
27/6/2022,244.9199982
28/6/2022,232.6633301
29/6/2022,228.4900055
30/6/2022,224.4733276
1/7/2022,227.2633362
5/7/2022,233.0666656
6/7/2022,231.7333374
7/7/2022,244.543335
8/7/2022,250.7633362
11/7/2022,234.343338
12/7/2022,233.0700073
13/7/2022,237.0399933
14/7/2022,238.3133392
15/7/2022,240.0666656
18/7/2022,240.5466614
19/7/2022,245.5299988
20/7/2022,247.5
21/7/2022,271.706665
22/7/2022,272.2433472
25/7/2022,268.4333191
26/7/2022,258.8599854
27/7/2022,274.8200073
28/7/2022,280.8999939
29/7/2022,297.1499939
1/8/2022,297.2766724
2/8/2022,300.5866699
3/8/2022,307.3966675
4/8/2022,308.6333313
5/8/2022,288.1700134
8/8/2022,290.4233398
9/8/2022,283.3333435
10/8/2022,294.3566589
11/8/2022,286.6300049
12/8/2022,300.0299988
15/8/2022,309.3200073
16/8/2022,306.563324
17/8/2022,303.9966736
18/8/2022,302.8699951
19/8/2022,296.6666565
22/8/2022,289.9133301
23/8/2022,296.4533386
24/8/2022,297.0966797
25/8/2022,296.0700073
26/8/2022,288.0899963
29/8/2022,284.8200073
30/8/2022,277.7000122
31/8/2022,275.6099854
1/9/2022,277.1600037
2/9/2022,270.2099915
6/9/2022,274.4200134
7/9/2022,283.7000122
8/9/2022,289.2600098
9/9/2022,299.6799927
12/9/2022,304.4200134
13/9/2022,292.1300049
14/9/2022,302.6099854
15/9/2022,303.75
16/9/2022,303.3500061
19/9/2022,309.0700073
20/9/2022,308.730011
21/9/2022,300.7999878
22/9/2022,288.5899963
23/9/2022,275.3299866
26/9/2022,276.0100098
27/9/2022,282.9400024
28/9/2022,287.8099976
29/9/2022,268.2099915
30/9/2022,265.25
3/10/2022,242.3999939
4/10/2022,249.4400024
5/10/2022,240.8099976
6/10/2022,238.1300049
7/10/2022,223.0700073
10/10/2022,222.9600067
11/10/2022,216.5
12/10/2022,217.2400055
13/10/2022,221.7200012
14/10/2022,204.9900055
17/10/2022,219.3500061
18/10/2022,220.1900024
19/10/2022,222.0399933
20/10/2022,207.2799988
21/10/2022,214.4400024
24/10/2022,211.25
25/10/2022,222.4199982
26/10/2022,224.6399994
27/10/2022,225.0899963
28/10/2022,228.5200043
31/10/2022,227.5399933
1/11/2022,227.8200073
2/11/2022,214.9799957
3/11/2022,215.3099976
4/11/2022,207.4700012
7/11/2022,197.0800018
8/11/2022,191.3000031
9/11/2022,177.5899963
10/11/2022,190.7200012
11/11/2022,195.9700012
14/11/2022,190.9499969
15/11/2022,194.4199982
16/11/2022,186.9199982
17/11/2022,183.1699982
18/11/2022,180.1900024
21/11/2022,167.8699951
22/11/2022,169.9100037
23/11/2022,183.1999969
25/11/2022,182.8600006
28/11/2022,182.9199982
29/11/2022,180.8300018
30/11/2022,194.6999969
1/12/2022,194.6999969
2/12/2022,194.8600006
5/12/2022,182.4499969
6/12/2022,179.8200073
7/12/2022,174.0399933
8/12/2022,173.4400024
9/12/2022,179.0500031
12/12/2022,167.8200073
13/12/2022,160.9499969
14/12/2022,156.8000031
15/12/2022,157.6699982
16/12/2022,150.2299957
19/12/2022,149.8699951
20/12/2022,137.8000031
21/12/2022,137.5700073
22/12/2022,125.3499985
23/12/2022,123.1500015
27/12/2022,109.0999985
28/12/2022,112.7099991
29/12/2022,121.8199997
30/12/2022,123.1800003
3/1/2023,108.0999985
4/1/2023,113.6399994
5/1/2023,110.3399963
6/1/2023,113.0599976
9/1/2023,119.7699966
10/1/2023,118.8499985
11/1/2023,123.2200012
12/1/2023,123.5599976
13/1/2023,122.4000015
17/1/2023,131.4900055
18/1/2023,128.7799988
19/1/2023,127.1699982
20/1/2023,133.4199982
23/1/2023,143.75
24/1/2023,143.8899994
25/1/2023,144.4299927
26/1/2023,160.2700043
27/1/2023,177.8999939
30/1/2023,166.6600037
31/1/2023,173.2200012
1/2/2023,181.4100037
2/2/2023,188.2700043
3/2/2023,189.9799957
6/2/2023,194.7599945
7/2/2023,196.8099976
8/2/2023,201.2899933
9/2/2023,207.3200073
10/2/2023,196.8899994
13/2/2023,194.6399994
14/2/2023,209.25
15/2/2023,214.2400055
16/2/2023,202.0399933
17/2/2023,208.3099976
21/2/2023,197.3699951
22/2/2023,200.8600006
23/2/2023,202.0700073
24/2/2023,196.8800049
27/2/2023,207.6300049
28/2/2023,205.7100067
1/3/2023,202.7700043
2/3/2023,190.8999939
3/3/2023,197.7899933
6/3/2023,193.8099976
7/3/2023,187.7100067
8/3/2023,182
9/3/2023,172.9199982
10/3/2023,173.4400024
13/3/2023,174.4799957
14/3/2023,183.2599945
15/3/2023,180.4499969
16/3/2023,184.1300049
17/3/2023,180.1300049
20/3/2023,183.25
21/3/2023,197.5800018
22/3/2023,191.1499939
23/3/2023,192.2200012
24/3/2023,190.4100037
27/3/2023,191.8099976
28/3/2023,189.1900024
29/3/2023,193.8800049
30/3/2023,195.2799988
31/3/2023,207.4600067
3/4/2023,194.7700043
4/4/2023,192.5800018
5/4/2023,185.5200043
6/4/2023,185.0599976
10/4/2023,184.5099945
11/4/2023,186.7899933
12/4/2023,180.5399933
13/4/2023,185.8999939
14/4/2023,185
17/4/2023,187.0399933
18/4/2023,184.3099976
19/4/2023,180.5899963
20/4/2023,162.9900055
21/4/2023,165.0800018
24/4/2023,162.5500031
25/4/2023,160.6699982
26/4/2023,153.75
27/4/2023,160.1900024
28/4/2023,164.3099976
1/5/2023,161.8300018
2/5/2023,160.3099976
3/5/2023,160.6100006
4/5/2023,161.1999969
5/5/2023,170.0599976
8/5/2023,171.7899933
9/5/2023,169.1499939
10/5/2023,168.5399933
11/5/2023,172.0800018
12/5/2023,167.9799957
15/5/2023,166.3500061
16/5/2023,166.5200043
17/5/2023,173.8600006
18/5/2023,176.8899994
19/5/2023,180.1399994
22/5/2023,188.8699951
23/5/2023,185.7700043
24/5/2023,182.8999939
25/5/2023,184.4700012
26/5/2023,193.1699982
30/5/2023,201.1600037
31/5/2023,203.9299927
1/6/2023,207.5200043
2/6/2023,213.9700012
5/6/2023,217.6100006
6/6/2023,221.3099976
7/6/2023,224.5700073
8/6/2023,234.8600006
9/6/2023,244.3999939
12/6/2023,249.8300018
13/6/2023,258.7099915
14/6/2023,256.7900085
15/6/2023,255.8999939
16/6/2023,260.5400085
20/6/2023,274.4500122
21/6/2023,259.4599915
22/6/2023,264.6099854
23/6/2023,256.6000061
26/6/2023,241.0500031
27/6/2023,250.2100067
28/6/2023,256.2399902
29/6/2023,257.5
30/6/2023,261.769989
3/7/2023,279.8200073
5/7/2023,282.480011
6/7/2023,276.5400085
7/7/2023,274.4299927
10/7/2023,269.6099854
11/7/2023,269.7900085
12/7/2023,271.9899902
13/7/2023,277.8999939
14/7/2023,281.3800049
17/7/2023,290.3800049
18/7/2023,293.3399963
19/7/2023,291.2600098
20/7/2023,262.8999939
21/7/2023,260.019989
24/7/2023,269.0599976
25/7/2023,265.2799988
26/7/2023,264.3500061
27/7/2023,255.7100067
28/7/2023,266.4400024
31/7/2023,267.4299927
1/8/2023,261.0700073
2/8/2023,254.1100006
3/8/2023,259.3200073
4/8/2023,253.8600006
7/8/2023,251.4499969
8/8/2023,249.6999969
9/8/2023,242.1900024
10/8/2023,245.3399963
11/8/2023,242.6499939
14/8/2023,239.7599945
15/8/2023,232.9600067
16/8/2023,225.6000061
17/8/2023,219.2200012
18/8/2023,215.4900055
21/8/2023,231.2799988
22/8/2023,233.1900024
23/8/2023,236.8600006
24/8/2023,230.0399933
25/8/2023,238.5899963
28/8/2023,238.8200073
29/8/2023,257.1799927
30/8/2023,256.8999939
31/8/2023,258.0799866
1/9/2023,245.0099945
5/9/2023,256.4899902
6/9/2023,251.9199982
7/9/2023,251.4900055
8/9/2023,248.5
11/9/2023,273.5799866
12/9/2023,267.480011
13/9/2023,271.2999878
14/9/2023,276.0400085
15/9/2023,274.3900146
18/9/2023,265.2799988
19/9/2023,266.5
20/9/2023,262.5899963
21/9/2023,255.6999969
22/9/2023,244.8800049
25/9/2023,246.9900055
26/9/2023,244.1199951
27/9/2023,240.5
28/9/2023,246.3800049
29/9/2023,250.2200012
2/10/2023,251.6000061
3/10/2023,246.5299988
4/10/2023,261.1600037
5/10/2023,260.0499878
6/10/2023,260.5299988
9/10/2023,259.6700134
10/10/2023,263.6199951
11/10/2023,262.9899902
12/10/2023,258.8699951
13/10/2023,251.1199951
16/10/2023,253.9199982
17/10/2023,254.8500061
18/10/2023,242.6799927
19/10/2023,220.1100006
20/10/2023,211.9900055
23/10/2023,212.0800018
24/10/2023,216.5200043
25/10/2023,212.4199982
26/10/2023,205.7599945
27/10/2023,207.3000031
30/10/2023,197.3600006
31/10/2023,200.8399963
1/11/2023,205.6600037
2/11/2023,218.5099945
3/11/2023,219.9600067
6/11/2023,219.2700043
7/11/2023,222.1799927
8/11/2023,222.1100006
9/11/2023,209.9799957
10/11/2023,214.6499939
13/11/2023,223.7100067
14/11/2023,237.4100037
15/11/2023,242.8399963
16/11/2023,233.5899963
17/11/2023,234.3000031
20/11/2023,235.6000061
21/11/2023,241.1999969
22/11/2023,234.2100067
24/11/2023,235.4499969
27/11/2023,236.0800018
28/11/2023,246.7200012
29/11/2023,244.1399994
30/11/2023,240.0800018
1/12/2023,238.8300018
4/12/2023,235.5800018
5/12/2023,238.7200012
6/12/2023,239.3699951
7/12/2023,242.6399994
8/12/2023,243.8399963
11/12/2023,239.7400055
12/12/2023,237.0099945
13/12/2023,239.2899933
14/12/2023,251.0500031
15/12/2023,253.5
18/12/2023,252.0800018
19/12/2023,257.2200012
20/12/2023,247.1399994
21/12/2023,254.5
22/12/2023,252.5399933
26/12/2023,256.6099854
27/12/2023,261.4400024
28/12/2023,253.1799927
29/12/2023,248.4799957
2/1/2024,248.4199982
3/1/2024,238.4499969
4/1/2024,237.9299927
5/1/2024,237.4900055
8/1/2024,240.4499969
9/1/2024,234.9600067
10/1/2024,233.9400024
11/1/2024,227.2200012
12/1/2024,218.8899994
16/1/2024,219.9100037
17/1/2024,215.5500031
18/1/2024,211.8800049
19/1/2024,212.1900024
22/1/2024,208.8000031
23/1/2024,209.1399994
24/1/2024,207.8300018
25/1/2024,182.6300049
26/1/2024,183.25
29/1/2024,190.9299927
30/1/2024,191.5899963
31/1/2024,187.2899933
1/2/2024,188.8600006
2/2/2024,187.9100037
5/2/2024,181.0599976
6/2/2024,185.1000061
7/2/2024,187.5800018
8/2/2024,189.5599976
9/2/2024,193.5700073
12/2/2024,188.1300049
13/2/2024,184.0200043
14/2/2024,188.7100067
15/2/2024,200.4499969
16/2/2024,199.9499969
20/2/2024,193.7599945
21/2/2024,194.7700043
22/2/2024,197.4100037
23/2/2024,191.9700012
26/2/2024,199.3999939
27/2/2024,199.7299957
28/2/2024,202.0399933
29/2/2024,201.8800049
1/3/2024,202.6399994
4/3/2024,188.1399994
5/3/2024,180.7400055
6/3/2024,176.5399933
7/3/2024,178.6499939
8/3/2024,175.3399963
11/3/2024,177.7700043
12/3/2024,177.5399933
13/3/2024,169.4799957
14/3/2024,162.5
15/3/2024,163.5700073
18/3/2024,173.8000031
19/3/2024,171.3200073
20/3/2024,175.6600037
21/3/2024,172.8200073
22/3/2024,170.8300018
25/3/2024,172.6300049
26/3/2024,177.6699982
27/3/2024,179.8300018
28/3/2024,175.7899933
1/4/2024,175.2200012
2/4/2024,166.6300049
3/4/2024,168.3800049
4/4/2024,171.1100006
5/4/2024,164.8999939
8/4/2024,172.9799957
9/4/2024,176.8800049
10/4/2024,171.7599945
11/4/2024,174.6000061
12/4/2024,171.0500031
15/4/2024,161.4799957
16/4/2024,157.1100006
17/4/2024,155.4499969
18/4/2024,149.9299927
19/4/2024,147.0500031
22/4/2024,142.0500031
23/4/2024,144.6799927
24/4/2024,162.1300049
25/4/2024,170.1799927
26/4/2024,168.2899933
29/4/2024,194.0500031
30/4/2024,183.2799988
1/5/2024,179.9900055
2/5/2024,180.0099945
3/5/2024,181.1900024
6/5/2024,184.7599945
7/5/2024,177.8099976
8/5/2024,174.7200012
9/5/2024,171.9700012
10/5/2024,168.4700012
13/5/2024,171.8899994
14/5/2024,177.5500031
15/5/2024,173.9900055
16/5/2024,174.8399963
17/5/2024,177.4600067
20/5/2024,174.9499969
21/5/2024,186.6000061
22/5/2024,180.1100006
23/5/2024,173.7400055
24/5/2024,179.2400055
28/5/2024,176.75
29/5/2024,176.1900024
30/5/2024,178.7899933
31/5/2024,178.0800018
3/6/2024,176.2899933
4/6/2024,174.7700043
5/6/2024,175
6/6/2024,177.9400024
7/6/2024,177.4799957
10/6/2024,173.7899933
11/6/2024,170.6600037
12/6/2024,177.2899933
13/6/2024,182.4700012
14/6/2024,178.0099945
17/6/2024,187.4400024
18/6/2024,184.8600006
20/6/2024,181.5700073
21/6/2024,183.0099945
24/6/2024,182.5800018
25/6/2024,187.3500061
26/6/2024,196.3699951
27/6/2024,197.4199982
28/6/2024,197.8800049
1/7/2024,209.8600006
2/7/2024,231.2599945
3/7/2024,246.3899994
5/7/2024,251.5200043
8/7/2024,252.9400024
9/7/2024,262.3299866
10/7/2024,263.2600098
11/7/2024,241.0299988
12/7/2024,248.2299957
15/7/2024,252.6399994
16/7/2024,256.5599976
17/7/2024,248.5
18/7/2024,249.2299957
19/7/2024,239.1999969
22/7/2024,251.5099945
23/7/2024,246.3800049
24/7/2024,215.9900055
25/7/2024,220.25
26/7/2024,219.8000031
29/7/2024,232.1000061
30/7/2024,222.6199951
31/7/2024,232.0700073
1/8/2024,216.8600006
2/8/2024,207.6699982
5/8/2024,198.8800049
6/8/2024,200.6399994
7/8/2024,191.7599945
8/8/2024,198.8399963
9/8/2024,200
12/8/2024,197.4900055
13/8/2024,207.8300018
14/8/2024,201.3800049
15/8/2024,214.1399994
16/8/2024,216.1199951
19/8/2024,222.7200012
20/8/2024,221.1000061
21/8/2024,223.2700043
22/8/2024,210.6600037
23/8/2024,220.3200073
26/8/2024,213.2100067
27/8/2024,209.2100067
28/8/2024,205.75
29/8/2024,206.2799988
30/8/2024,214.1100006
3/9/2024,210.6000061
4/9/2024,219.4100037
5/9/2024,230.1699982
6/9/2024,210.7299957
9/9/2024,216.2700043
10/9/2024,226.1699982
11/9/2024,228.1300049
12/9/2024,229.8099976
13/9/2024,230.2899933
16/9/2024,226.7799988
17/9/2024,227.8699951
18/9/2024,227.1999969
19/9/2024,243.9199982
20/9/2024,238.25
23/9/2024,250
24/9/2024,254.2700043
25/9/2024,257.019989
26/9/2024,254.2200012
27/9/2024,260.4599915
30/9/2024,261.6300049
1/10/2024,258.019989
2/10/2024,249.0200043
3/10/2024,240.6600037
4/10/2024,250.0800018
7/10/2024,240.8300018
8/10/2024,244.5
9/10/2024,241.0500031
10/10/2024,238.7700043
11/10/2024,217.8000031
14/10/2024,219.1600037
15/10/2024,219.5700073
16/10/2024,221.3300018
17/10/2024,220.8899994
18/10/2024,220.6999969
21/10/2024,218.8500061
22/10/2024,217.9700012
23/10/2024,213.6499939
24/10/2024,260.480011
25/10/2024,269.1900024
28/10/2024,262.5100098
29/10/2024,259.519989
30/10/2024,257.5499878
31/10/2024,249.8500061
1/11/2024,248.9799957
4/11/2024,242.8399963
5/11/2024,251.4400024
6/11/2024,288.5299988
7/11/2024,296.9100037
8/11/2024,321.2200012
11/11/2024,350
12/11/2024,328.4899902
13/11/2024,330.2399902
14/11/2024,311.1799927
15/11/2024,320.7200012
18/11/2024,338.7399902
19/11/2024,346
20/11/2024,342.0299988
21/11/2024,339.6400146
22/11/2024,352.5599976
25/11/2024,338.5899963
26/11/2024,338.230011
27/11/2024,332.8900146
29/11/2024,345.1600037
2/12/2024,357.0899963
3/12/2024,351.4200134
4/12/2024,357.9299927
5/12/2024,369.4899902
6/12/2024,389.2200012
9/12/2024,389.7900085
10/12/2024,400.9899902
11/12/2024,424.769989
12/12/2024,418.1000061
13/12/2024,436.230011
16/12/2024,463.019989
17/12/2024,479.8599854
18/12/2024,440.1300049
19/12/2024,436.1700134
20/12/2024,421.0599976
23/12/2024,430.6000061
24/12/2024,462.2799988
26/12/2024,454.1300049
27/12/2024,431.6600037
30/12/2024,417.4100037
